sigungu,name,closed_year,level,use,address
경산,용성초등학교구룡분교장,1992,초,미활용,경북 경산시 용성면 매남리 158
경산,계림초등학교,1992,초,매각,경북 경산시 자인면 계림리 144-9
경산,용성초등학교송림분교장,1993,초,매각,경북 경산시 용성면 송림리 485
경산,용강초등학교,1995,초,매각,경북 경산시 용성면 용천리 152-2
경산,성남초등학교,1995,초,매각,경북 경산시 남산면 우검리 413
경산,신상초등학교,2008,초,자체활용,경북 경산시 진량읍 신상리 343-1
경산,금곡초등학교,2009,초,매각,경북 경산시 남천면 금곡리 374
경산,남산초등학교삼성분교장,2010,초,자체활용,경북 경산시 남산면 하대리 370
경산,하양초등학교화성분교장,2022,초,자체활용,경북 경산시 하양읍 환상리 75-1
경주,천포초등학교산성분교장,1986,초,매각,경북 경주시 건천읍 송선리 산195-4
경주,감포초등학교연동분교장,1989,초,매각,경북 경주시 감포읍 오류리 130
경주,박달초등학교,1992,초,대부,경북 경주시 내남면 박달리 153
경주,양북초등학교권이분교장,1992,초,매각,경북 경주시 문무대왕면 권이리 327-3
경주,구길초등학교,1992,초,매각,경북 경주시 문무대왕면 구길리 233
경주,의곡초등학교감산분교장,1993,초,대부,경북 경주시 산내면 감산리 1107-1
경주,의곡초등학교신원분교장,1993,초,대부,경북 경주시 산내면 신원리 222
경주,아화초등학교도동분교장,1993,초,매각,경북 경주시 서면 도리 951-1
경주,서라벌초등학교황용분교장,1993,초,매각,경북 경주시 황용동 572
경주,모서초등학교호명분교장,1994,초,대부,경북 경주시 강동면 호명리 18
경주,왕산초등학교,1994,초,대부,경북 경주시 암곡동 389
경주,장항초등학교,1994,초,매각,경북 경주시 문무대왕면 장항리 333
경주,아화초등학교천촌분교장,1995,초,대부,경북 경주시 서면 천촌리 345-2
경주,노월초등학교,1995,초,자체활용,경북 경주시 내남면 노곡리 909-6
경주,의곡초등학교대현분교장,1996,초,대부,경북 경주시 산내면 대현리 1345
경주,양남초등학교석읍분교장,1996,초,매각,경북 경주시 양남면 석읍리 365
경주,양북초등학교안동분교장,1996,초,매각,경북 경주시 문무대왕면 안동리 633-6
경주,의곡초등학교중리분교장,1996,초,매각,경북 경주시 산내면 대현리 2574
경주,내남초등학교명계분교장,1997,초,매각,경북 경주시 내남면 명계리 54-4
경주,율동초등학교,1998,초,매각,경북 경주시 율동 1748-1
경주,가정초등학교,1999,초,자체활용,경북 경주시 현곡면 가정리 49-2
경주,동방초등학교내동분교장,1999,초,매각,경북 경주시 조양동 646-1
경주,내남초등학교광석분교장,1999,초,매각,경북 경주시 내남면 덕천리 897-3
경주,옥산초등학교하강분교장,2000,초,대부,경북 경주시 안강읍 하곡리 632
경주,천북초등학교화당분교장,2001,초,대부,경북 경주시 천북면 화산리 145-1
경주,경주초등학교학동분교장,2002,초,미활용,경북 경주시 내남면 비지리 545
경주,양북고등학교,2003,고,자체활용,경북 경주시 문무대왕면 어일리 701
경주,천북초등학교북군분교장,2006,초,매각,경북 경주시 천북면 신당리 273
경주,양북초등학교용동분교장,2007,초,매각,경북 경주시 문무대왕면 용동리 1148-3
경주,전촌초등학교,2009,초,자체활용,경북 경주시 감포읍 전촌리 636
경주,강동초등학교왕신분교장,2009,초,대부,경북 경주시 강동면 왕신리 669-1
경주,오릉초등학교,2010,초,자체활용,경북 경주시 탑동 676-2
경주,경주초등학교화천분교장,2010,초,자체활용,경북 경주시 건천읍 화천리 1328-1
경주,양북초등학교송전분교장,2010,초,대부,경북 경주시 문무대왕면 송전리 94
경주,의곡초등학교우라분교장,2010,초,대부,경북 경주시 산내면 우라리 988
경주,대본초등학교,2010,초,매각,경북 경주시 감포읍 대본리 671
경주,안강북부초등학교,2013,초,자체활용,경북 경주시 안강읍 육통리 543-3
경주,강동초등학교단구분교장,2014,초,미활용,경북 경주시 강동면 단구리 1147
경주,양남초등학교상계분교장,2015,초,미활용,경북 경주시 양남면 상계리 57-2
경주,천북초등학교물천분교장,2017,초,미활용,경북 경주시 천북면 물천리 624-1
경주,경주마케팅고등학교,2019,고,자체활용,경북 경주시 산내면 의곡리 70-65
경주,모아초등학교모서분교장,2021,초,대부,경북 경주시 강동면 모서리 529
경주,의곡초등학교일부분교장,2024,초,대부,경북 경주시 산내면 일부리 748
고령,회천초등학교,1982,초,매각,경북 고령군 우곡면 야정리 900
고령,벌지초등학교송곡분교장,1983,초,매각,경북 고령군 다산면 송곡리 272
고령,운수초등학교화암분교장,1994,초,미활용,경북 고령군 운수면 화암리 1163
고령,월막초등학교,1994,초,매각,경북 고령군 쌍림면 월막리 305
고령,내곡초등학교,1994,초,매각,경북 고령군 대가야읍 저전리 45-1
고령,성산초등학교사부분교장,1999,초,매각,경북 고령군 성산면 사부리 160-4
고령,고령초등학교일량분교장,2000,초,매각,경북 고령군 고령읍 내곡리 528-1
고령,고령초등학교덕곡분교장,2000,초,매각,경북 고령군 덕곡면 가륜리 229-1
고령,개진초등학교영동분교장,2008,초,미활용,경북 고령군 개진면 생리 251 외
고령,다산초등학교벌지분교장,2008,초,매각,경북 고령군 다산면 벌지리 63
고령,직동초등학교,2008,초,매각,경북 고령군 개진면 직리 804-2
고령,다산초등학교노곡분교장,2009,초,매각,경북 고령군 다산면 노곡리 710-1
고령,고령여자종합고등학교,2010,고,매각,경북 고령군 고령읍 지산리 337
고령,고령여자중학교,2010,중,매각,경북 고령군 고령읍 지산리 323
고령,안림초등학교,2011,초,매각,경북 고령군 쌍림면 안림리 149
고령,백산초등학교,2013,초,자체활용,경북 고령군 쌍림면 백산리 163 외
고령,우곡초등학교도진분교,2013,초,미활용,경북 고령군 우곡면 도진리 270
구미,산동초등학교도중분교장,1984,초,매각,경북 구미시 산동읍 도중리 480-2
구미,장천초등학교오로분교장,1993,초,매각,경북 구미시 장천면 오로리 824
구미,해평초등학교괴곡분교장,1995,초,자체활용,경북 구미시 해평면 괴곡리 351
구미,구봉초등학교,1995,초,매각,경북 구미시 옥성면 구봉리 368-3
구미,선산초등학교동부분교장,1995,초,매각,경북 구미시 선산읍 원리 813
구미,송도초등학교,1998,초,매각,경북 구미시 도개면 도개리 342
구미,동산초등학교,1998,초,매각,경북 구미시 도개면 동산리884
구미,대방초등학교,1999,초,대부,경북 구미시 고아읍 횡산리 47
구미,무을초등학교안곡분교장,1999,초,매각,경북 구미시 무을면 안곡리 642-1
구미,옥계초등학교금포분교장,2000,초,매각,경북 구미시 금전동 412
구미,장천초등학교영남분교장,2000,초,매각,경북 구미시 장천면 하장리 651
구미,무을초등학교무곡분교장,2001,초,매각,경북 구미시 무을면 무이리160
구미,선산초등학교봉천분교장,2007,초,매각,경북 구미시 선산읍 생곡리 767
구미,해평초등학교일선분교장,2008,초,자체활용,경북 구미시 해평면 낙산리 598-1
구미,산동초등학교송백분교장,2010,초,미활용,경북 구미시 산동읍 송산리 243
구미,임봉초등학교,2011,초,자체활용,경북 구미시 산동읍 봉산리 165
구미,예산초등학교,2012,초,자체활용,경북 구미시 선산읍 북산리 587
구미,해평초등학교향산분교장,2013,초,대부,경북 구미시 해평면 산양리 57-1
구미,선산여자고등학교,2014,고,자체활용,경북 구미시 선산읍 이문리 884
구미,선산여자중학교,2014,중,자체활용,경북 구미시 선산읍 이문리 884
김천,모암초등학교삼애분교장,1982,초,매각,경북 김천시 신음동 17
김천,대야초등학교,1983,초,매각,경북 김천시 부항면 대야리 388-1
김천,구례초등학교,1989,초,매각,경북 김천시 어모면 구례리 626
김천,증산초등학교수도분교장,1992,초,매각,경북 김천시 증산면 수도리 393
김천,구성초등학교금평분교장,1993,초,매각,경북 김천시 구성면 금평리 496
김천,임천초등학교마산분교장,1993,초,매각,경북 김천시 구성면 마산리 401-1
김천,증산초등학교남곡분교장,1993,초,매각,경북 김천시 증산면 부항리 283-1
김천,구곡초등학교,1993,초,매각,경북 김천시 지례면 울곡리 277-1
김천,곡송초등학교광덕분교장,1993,초,매각,경북 김천시 감문면 광덕리 458
김천,감문초등학교,1994,초,대부,경북 김천시 감문면 삼성리 1383
김천,연화초등학교,1994,초,대부,경북 김천시 대덕면  연화리 255
김천,대덕초등학교내감분교장,1994,초,매각,경북 김천시 대덕면 내감리 907
김천,부항초등학교안간분교장,1994,초,매각,경북 김천시 부항면 안간리 350
김천,가례초등학교,1994,초,매각,경북 김천시 대덕면 가례리 252
김천,조마초등학교신곡분교장,1994,초,매각,경북 김천시 조마면 신곡리 785
김천,직지초등학교대성분교장,1995,초,대부,경북 김천시 대항면 대성리 489-4
김천,증산초등학교장전분교장,1995,초,매각,경북 김천시 증산면 장전리 820-1
김천,도명초등학교,1995,초,매각,경북 김천시 감문면 남곡리 251
김천,대덕초등학교문의분교장,1995,초,매각,경북 김천시 대덕면 문의리 240
김천,태화초등학교광천분교장,1997,초,대부,경북 김천시 봉산면 광천리 520-4
김천,부상초등학교,1997,초,미활용,경북 김천시 남면 부상리 564
김천,농소초등학교연명분교장,1998,초,매각,경북 김천시 농소면 연명리 219
김천,아포초등학교신기분교장,1999,초,매각,경북 김천시 아포읍 대성리 112-1
김천,방산초등학교,1999,초,매각,경북 김천시 구성면 구미리 236
김천,부항초등학교유촌분교장,1999,초,매각,경북 김천시 부항면 유촌리 272-1
김천,태화초등학교신암분교장,1999,초,매각,경북 김천시 봉산면 신암리 132
김천,구성초등학교임천분교장,1999,초,매각,경북 김천시 구성면 임천리 171
김천,금오산초등학교오봉분교장,2000,초,매각,경북 김천시 남면 오봉리 713
김천,조마초등학교신안분교장,2002,초,매각,경북 김천시 조마면 신안리 501
김천,응명초등학교,2003,초,매각,경북 김천시 응명동 212
김천,어모초등학교,2007,초,대부,경북 김천시 어모면 동좌리 619
김천,대방초등학교,2008,초,매각,경북 김천시 조마면 대방리 539
김천,농소초등학교봉곡분교장,2008,초,매각,경북 김천시 농소면 봉곡리 1214
김천,구성초등학교과곡분교장,2009,초,매각,경북 김천시 구성면 송죽리 111
김천,금오산초등학교,2010,초,매각,경북 김천시 남면 운남리 567
김천,구성초등학교양각분교장,2011,초,매각,경북 김천시 구성면 양각리 402
김천,지동초등학교,2013,초,대부,경북 김천시 아포읍 지리 376
김천,곡송초등학교,2013,초,미활용,경북 김천시 감문면 태촌리 785
김천,대신초등학교,2015,초,대부,경북 김천시 아포읍 대신리 810
김천,대덕중학교,2017,중,자체활용,경북 김천시 대덕면  관기리 777
김천,대덕중학교증산분교장,2017,중,자체활용,경북 김천시 증산면 동안리 76
김천,지례중학교구성분교장,2017,중,대부,경북 김천시 구성면 송죽리 800
김천,지례중학교,2017,중,대부,경북 김천시 지례면 교리 407
김천,지례중학교부항분교장,2017,중,대부,경북 김천시 부항면 사등리 597
김천,양천초등학교,2019,초,대부,경북 김천시 양천동 1301-2
김천,김천상업고등학교,2019,고,대부,경북 김천시 지례면 교리 407
김천,봉계초등학교태화분교장,2024,초,대부,경북 김천시 봉산면 태화리 175
김천,구성초등학교,2026,초,미활용,경북 김천시 구성면 상원리 100
김천,지례초등학교부항분교장,2026,초,미활용,경북 김천시 부항면 월곡리 147
김천,지례초등학교,2026,초,자체활용,경북 김천시 지례면 교리 584
문경,조령초등학교동화원분교장,1985,초,매각,경북 문경시 문경읍 상초리 472
문경,용흥초등학교중평분교장,1992,초,매각,경북 문경시 문경읍 중평리 279
문경,가은초등학교갈전분교장,1992,초,매각,경북 문경시 가은읍 갈전리 287-2
문경,산북초등학교내화분교장,1992,초,매각,경북 문경시 산북면 내화리 796-1
문경,수평초등학교,1993,초,미활용,경북 문경시 동로면 수평리 390
문경,청화초등학교도장분교장,1993,초,매각,경북 문경시 농암면 내서리 353
문경,김룡초등학교석봉분교장,1993,초,매각,경북 문경시 산북면 석봉리 386
문경,산북초등학교이곡분교장,1994,초,매각,경북 문경시 산북면 이곡리 8-2
문경,농암초등학교궁기분교장,1994,초,매각,경북 문경시 농암면 궁기리 99
문경,명전초등학교,1995,초,매각,경북 문경시 동로면 명전리 42
문경,월지초등학교,1995,초,매각,경북 문경시 산북면 지내리 32
문경,동로초등학교생달분교장,1995,초,매각,경북 문경시 동로면 생달리 186
문경,서성초등학교,1996,초,매각,경북 문경시 마성면 하내리 754-1
문경,동로초등학교석항분교장,1996,초,매각,경북 문경시 동로면 석항리 663
문경,조령초등학교,1998,초,매각,경북 문경시 문경읍 진안리 136
문경,부천초등학교,1998,초,매각,경북 문경시 호계면 지천리 262-1
문경,영동초등학교,1999,초,매각,경북 문경시 영순면 오룡리 467-1
문경,산양초등학교의산분교장,1999,초,매각,경북 문경시 산양면 위만리 108-3
문경,김룡초등학교,1999,초,매각,경북 문경시 산북면 거산리 234
문경,농암초등학교선암분교장,2000,초,매각,경북 문경시 농암면 선곡리 240
문경,가은초등학교문양분교장,2002,초,매각,경북 문경시 가은읍 전곡리 288-2
문경,동성초등학교봉명분교장,2002,초,매각,경북 문경시 마성면 남호리 39
문경,문경중학교호계분교장,2003,중,매각,경북 문경시 호계면 호계리 23
문경,산북정보고등학교,2005,고,자체활용,경북 문경시 산북면 대상리 97-3
문경,영순초등학교영창분교장,2008,초,매각,경북 문경시 영순면 말응리 524
문경,신기초등학교대성분교장,2009,초,자체활용,경북 문경시 호계면 견탄리 500-5
문경,영순중학교,2009,중,매각,경북 문경시 영순면 사근리 845-1
문경,산양초등학교금동분교장,2009,초,매각,경북 문경시 산양면 과곡리 594
문경,동성초등학교마성분교장,2010,초,매각,경북 문경시 마성면 정리 25-3
문경,가은초등학교희양분교장,2025,초,자체활용,경북 문경시 가은읍 상괴리 450
문경,산북초등학교창구분교장,2025,초,미활용,경북 문경시 산북면 창구리 183
문경,농암초등학교청화분교장,2026,초,미활용,경북 문경시 농암면 화산리 190
봉화,동양초등학교금봉분교장,1983,초,매각,경북 봉화군 봉성면 금봉리 769-1
봉화,문촌초등학교,1988,초,매각,경북 봉화군 상운면 문촌리 785
봉화,석포초등학교광평분교장,1991,초,매각,경북 봉화군 석포면 석포리 산 1-1
봉화,소천초등학교고선분교장,1992,초,매각,경북 봉화군 소천면 고선리 501-4
봉화,다덕초등학교,1992,초,매각,경북 봉화군 법전면 풍정리 751
봉화,소천초등학교우련전분교장,1992,초,매각,경북 봉화군 재산면 갈산리 57-1
봉화,석포초등학교승부분교장,1993,초,매각,경북 봉화군 석포면 승부리 437
봉화,고계초등학교,1993,초,매각,경북 봉화군 명호면 고계리 613
봉화,하눌초등학교,1995,초,매각,경북 봉화군 상운면 하눌리 852-1
봉화,소천중학교옥방분교장,1995,중,매각,경북 봉화군 소천면 분천리 9
봉화,서벽초등학교금정분교장,1995,초,매각,경북 봉화군 춘양면 우구치리 31-2
봉화,삼근초등학교원곡분교장,1995,초,매각,경북 봉화군 소천면 분천리 181-4
봉화,석포초등학교반야분교장,1996,초,매각,경북 봉호군 석포면 석포리 84-1
봉화,소천초등학교황목분교장,1996,초,매각,경북 봉화군 소천면 분천리 1798-6
봉화,재산초등학교남면분교장,1996,초,매각,경북 봉화군 재산면 남면리 655
봉화,물야초등학교오전분교장,1997,초,미활용,경북 봉화군 물야면 오전리 869-2 외 2필지
봉화,물야초등학교두문분교장,1997,초,매각,경북 봉화군 물야면 두문리 385-1
봉화,소천초등학교갈산분교장,1997,초,매각,경북 봉화군 재산면 갈산리 320
봉화,동면초등학교,1998,초,매각,경북 봉화군 재산면 동면리 1283
봉화,고양초등학교,1999,초,미활용,경북 봉화군 명호면 양곡리 329-1 외 1필지
봉화,법전초등학교,1999,초,자체활용,경북 봉화군 춘양면 소로리 534-1외 6필지
봉화,애당초등학교,1999,초,매각,경북 봉화군 춘양면 애당리 185
봉화,명호초등학교삼동분교장,1999,초,매각,경북 봉화군 명호면 삼동리 639
봉화,동양초등학교우곡분교장,2001,초,매각,경북 봉화군 봉성면 우곡리 272-1
봉화,상운초등학교신라분교장,2002,초,매각,경북 봉화군 봉성면 신라리 807-2
봉화,봉화여자중학교,2007,중,자체활용,경북 봉화군 봉화읍 해저리 36
봉화,봉화여자고등학교,2007,고,자체활용,경북 봉화군 봉화읍 해저리 36
봉화,춘양초등학교눌산분교장,2009,초,매각,경북 봉화군 법전면 눌산리 1134-2
봉화,봉화중학교봉성분교장,2010,중,매각,경북 봉화군 봉성면 봉성리 380-2
봉화,석포초등학교대현분교장,2011,초,매각,경북 봉화군 석포면 대현리 90-5
봉화,물야초등학교개단분교장,2012,초,대부,경북 봉화군 물야면 개단리 844-2 외 1필지
봉화,명호초등학교북곡분교장,2013,초,대부,경북 봉화군 명호면 북곡리 1309
봉화,소천초등학교남회룡분교장,2015,초,매각,경북 봉화군 소천면 남회룡리 150
봉화,소천초등학교황평분교장,2015,초,매각,경북 봉화군 소천면 고선리 132
봉화,물야초등학교수식분교장,2016,초,대부,경북 봉화군 물야면 수식리 418-1 외 2필지
봉화,명호중학교,2017,중,자체활용,경북 봉화군 명호면 도천리 264-2 외 13필지
봉화,상운중학교,2017,중,미활용,경북 봉화군 상운면 운계리 664-1 외 5필지
봉화,법전중학교,2017,중,대부,경북 봉화군 법전면 법전리 238 외 2필지
봉화,물야초등학교북지분교장,2017,초,매각,경북 봉화군 물야면 북지리 727
봉화,재산중학교,2017,중,매각,경북 봉화군 재산면 현동리 1316
봉화,소천고등학교,2018,고,자체활용,경북 봉화군 소천면 현동리 701-10 외 6필지
봉화,소천초등학교분천분교장,2021,초,매각,경북 봉화군 소천면 분천리 1151
봉화,소천초등학교임기분교장,2024,초,대부,경북 봉화군 소천면 임기리 805-7 외 4필지
봉화,소천초등학교두음분교장,2026,초,미활용,경북 봉화군 소천면 두음리 352
상주,상오초등학교,1987,초,자체활용,경북 상주시 화북면 상오리 562
상주,중동초등학교회상분교장,1992,초,매각,경북 상주시 중동면 회상리 887
상주,숭인초등학교,1992,초,매각,경북 상주시 화동면 선교리 185
상주,영수초등학교,1993,초,매각,경북 상주시 공검면 중소리 576-2
상주,득수초등학교,1993,초,매각,경북 상주시 모서면 득수리 193
상주,낙서초등학교서원분교장,1994,초,대부,경북 상주시 내서면 서원리 167
상주,화령초등학교사산분교장,1994,초,대부,경북 상주시 화서면 사산리 63
상주,우서초등학교전의분교장,1994,초,매각,경북 상주시 외서면 대전리 351
상주,상주초등학교남장분교장,1994,초,매각,경북 상주시 남장동 229-1
상주,외서초등학교갈곡분교장,1995,초,매각,경북 상주시 외서면 대전리 47-2
상주,영동초등학교동성분교장,1996,초,매각,경북 상주시 함창읍 하갈리 238
상주,옥산초등학교인성분교장,1997,초,매각,경북 상주시 공성면 우하리 524
상주,낙동초등학교신상분교장,1998,초,매각,경북 상주시 낙동면 신상리 474
상주,평온초등학교,1998,초,매각,경북 상주시 화남면 평온리 431
상주,평온초등학교중눌분교장,1998,초,매각,경북 상주시 화남면 중눌리 574
상주,용곡초등학교,1998,초,매각,경북 상주시 함창읍 신흥리 274
상주,내서초등학교,1999,초,자체활용,경북 상주시 내서면 신촌리 21
상주,외서초등학교배영분교장,1999,초,미활용,경북 상주시 외서면 봉강리 139
상주,공서초등학교성문분교장,1999,초,매각,경북 상주시 공성면 효곡리 491
상주,모서초등학교대류분교장,1999,초,매각,경북 상주시 모서면 대포리 499
상주,이안초등학교아산분교장,1999,초,매각,경북 상주시 이안면 아천리 487
상주,외서초등학교우서분교장,1999,초,매각,경북 상주시 외서면 우산리 223
상주,매호초등학교,1999,초,매각,경북 상주시 사벌국면 매호리 500
상주,은척초등학교황룡분교장,2001,초,매각,경북 상주시 은척면 황령리 736
상주,공검초등학교,2002,초,매각,경북 상주시 공검면 동막리 74
상주,화동초등학교팔음분교장,2003,초,매각,경북 상주시 화동면 양지리 148
상주,두릉초등학교,2005,초,자체활용,경북 상주시 사벌국면 두릉리 303
상주,은척상업고등학교,2006,고,자체활용,경북 상주시 은척면 우기리 497
상주,상산초등학교북부분교장,2006,초,매각,경북 상주시 중덕동 647
상주,사벌중학교,2007,중,매각,경북 상주시 사벌면 엄암리 24-1
상주,함창초등학교영동분교장,2007,초,매각,경북 상주시 함창읍 태봉리 300
상주,중동초등학교신동분교장,2007,초,매각,경북 상주시 중동면 신암리 886
상주,화달초등학교,2007,초,매각,경북 상주시 사벌면 삼덕리 761
상주,사벌고등학교,2008,고,매각,경북 상주시 사벌면 엄암리 24-1
상주,중동중학교,2008,중,매각,경북 상주시 중동면 간상리 872
상주,모서초등학교화산분교장,2009,초,매각,경북 상주시 모서면 정산리 355-2
상주,모서중학교백학분교장,2009,중,매각,경북 상주시 모서면 백학리 347
상주,은척중학교아산분교장,2011,중,대부,경북 상주시 이안면 아천리 347
상주,청동초등학교,2011,초,매각,경북 상주시 청리면 덕산리 312
상주,화령초등학교송계분교장,2012,초,매각,경북 상주시 화서면 하송리 58
상주,공서초등학교,2013,초,대부,경북 상주시 공성면 금계리 33
상주,외남초등학교삼남분교장,2013,초,미활용,경북 상주시 외남면 신촌리 467
상주,함창초등학교숭덕분교장,2014,초,매각,경북 상주시 이안면 이안리 270
상주,낙동초등학교용포분교장,2017,초,매각,경북 상주시 낙동면 용포리 21
상주,공검중학교,2017,중,매각,경북 상주시 공검면 양정리 158
상주,낙동동부초등학교,2026,초,미활용,경북 상주시 낙동면 낙동리 275
상주,화북초등학교용화분교장,2026,초,미활용,경북 상주시 화북면 중벌리 651
상주,낙동중학교,2026,중,미활용,경북 상주시 낙동면 낙동리 128-1
성주,봉소초등학교성신분교장,1984,초,매각,경북 성주군 초전면 용봉3리 1094-31
성주,봉소초등학교월전분교장,1985,초,매각,경북 성주군 초전면 월곡2리 284-1
성주,가천초등학교법전분교장,1990,초,매각,경북 성주군 가천면 법전1리 193-3
성주,봉두초등학교,1991,초,매각,경북 성주군 금수면 봉두리 산67
성주,용암초등학교성산분교장,1991,초,매각,경북 성주군 용암면 죽전리 80
성주,가천초등학교용계분교장,1992,초,매각,경북 성주군 가천면 신계리 726
성주,선남초등학교문방분교장,1992,초,매각,경북 성주군 선남면 문방1리 650
성주,용암초등학교선송분교장,1992,초,매각,경북 성주군 용암면 선송리 233
성주,수륜초등학교명륜분교장,1993,초,대부,경북 성주군 수륜면 송계리 477 외
성주,지사초등학교월남분교장,1993,초,매각,경북 성주군 수륜면 보월리 507
성주,수륜초등학교백운분교장,1993,초,매각,경북 성주군 수륜면 백운리 산45-1
성주,벽진초등학교창리분교장,1996,초,매각,경북 성주군 벽진면 용암1리 906
성주,용암초등학교성암분교장,1998,초,매각,경북 성주군 용암면 마월1리 233-1
성주,대서초등학교,1999,초,매각,경북 성주군 대가면 대천1리 3-1
성주,대가초등학교금수분교장,1999,초,매각,경북 성주군 금수면 광산리 125
성주,명포초등학교,2001,초,매각,경북 성주군 선남면 명포1리 산41-1
성주,대성초등학교,2003,초,매각,경북 성주군 대가면 옥성2리 356
성주,지사초등학교,2012,초,미활용,경북 성주군 수륜면 오천리 280
성주,가천고등학교,2017,고,자체활용,경북 성주군 가천면 창천리 861 외
성주,도원초등학교선남동부분교장,2017,초,매각,경북   경북 성주군 선남면 용신리 933-1
성주,가천초등학교무학분교장,2018,초,미활용,경북 성주군 금수강산면 무학리 1410
성주,초전초등학교봉소분교장,2024,초,미활용,경북 성주군 초전면 용봉리 1072
성주,용암초등학교,2025,초,미활용,경북 성주군 용암면 상언리 121
안동,임하동부초등학교사의분교장,1988,초,매각,경북 안동시 임하면 사의리 100-2
안동,길안초등학교용계분교장,1990,초,매각,경북 안동시 길안면 용계리 244
안동,길산초등학교,1991,초,매각,경북 안동시 임동면 지례리 651
안동,풍남초등학교,1991,초,매각,경북 안동시 풍천면 하회리 690
안동,임하동부초등학교,1992,초,매각,경북 안동시 임하면 임하리576-2
안동,와룡초등학교산야분교장,1992,초,매각,경북 안동시 와룡면 산야리 1223
안동,일직서부초등학교,1992,초,매각,경북 안동시 일직면 국곡리 35-2
안동,월곡초등학교동계분교장,1993,초,미활용,경북 안동시 예안면 태곡리 688
안동,도산초등학교,1993,초,매각,경북 안동시 도산면 단천리532
안동,연곡초등학교서현분교장,1993,초,매각,경북 안동시 북후면 대현리 736
안동,녹전초등학교갈현분교장,1993,초,매각,경북 안동시 녹전면 갈현리 154
안동,녹산초등학교,1993,초,매각,경북 안동시 녹전면 녹래리 547
안동,만운초등학교,1993,초,매각,경북 안동시 풍산읍 만운리 792
안동,온혜초등학교태자분교장,1993,초,매각,경북 안동시 도산면 태자리 562-2
안동,임하초등학교추목분교장,1993,초,매각,경북 안동시 임하면 추목리 376
안동,임동초등학교고천분교장,1994,초,대부,경북 안동시 임동면 고천리 101-1
안동,녹남초등학교,1994,초,대부,경북 안동시 녹전면 사신리 455-5
안동,화북초등학교,1994,초,매각,경북 안동시 북후면 오산리 119-1
안동,북후초등학교월전분교장,1994,초,매각,경북 안동시 북후면 월전리 385
안동,남후초등학교고곡분교장,1994,초,매각,경북 안동시 남후면 고상리 22
안동,임동초등학교사월분교장,1994,초,매각,경북 안동시 임동면 사월리 936
안동,와룡초등학교나소분교장,1995,초,대부,경북 안동시 와룡면 라소리 628-1
안동,원림초등학교,1995,초,대부,경북 안동시 남선면 원림리 358-3
안동,화남초등학교,1995,초,대부,경북 안동시 풍천면 어담리 239
안동,온혜초등학교의일분교장,1995,초,매각,경북 안동시 도산면 의일리 217-1
안동,임동초등학교지양분교장,1995,초,매각,경북 안동시 임동면 지리 305-1
안동,송강초등학교,1995,초,매각,경북 안동시 서후면 이송천리 138
안동,구수초등학교,1995,초,매각,경북 안동시 길안면 구수리 287
안동,와룡초등학교대동분교장,1995,초,매각,경북 안동시 와룡면 도곡리 315
안동,월곡초등학교동인분교장,1995,초,매각,경북 안동시 예안면 인계리 430
안동,북후초등학교학산분교장,1995,초,매각,경북 안동시 북후면 신전리 523
안동,온혜초등학교가송분교장,1996,초,매각,경북 안동시 도산면 가송리 762-5
안동,임동초등학교동부분교장,1996,초,매각,경북 안동시 임동면 위리 280
안동,신성중학교,1996,중,매각,경북 안동시 풍천면 어담리 1001-1
안동,학남초등학교,1997,초,매각,경북 안동시 서후면 저전리 439-1
안동,임동초등학교대성분교장,1997,초,매각,경북 안동시 임동면 대곡리 541
안동,남후초등학교단호분교장,1997,초,매각,경북 안동시 남후면 단호리 149-5
안동,풍동초등학교,1999,초,미활용,경북 안동시 풍산읍 회곡리 696
안동,금소초등학교,1999,초,매각,경북 안동시 임하면 금소리 589-7
안동,월곡초등학교계곡분교장,1999,초,매각,경북 안동시 예안면 구룡리 518
안동,오룡초등학교,1999,초,매각,경북 안동시 와룡면 감애리 434
안동,광덕초등학교,1999,초,매각,경북 안동시 풍천면 광덕리 140-4
안동,남후초등학교아곡분교장,1999,초,매각,경북 안동시 남후면 하아리 39-3
안동,문천초등학교,1999,초,매각,경북 안동시 와룡면 이상리 348
안동,천전초등학교,1999,초,매각,경북 안동시 임하면 천전리 240
안동,길안초등학교대곡분교장,1999,초,매각,경북 안동시 길안면 대곡리 778-2
안동,임하중학교,1999,중,매각,경북 안동시 임하면 임하리 1091
안동,일직초등학교평촌분교장,2000,초,대부,경북 안동시 일직면 명진리 313
안동,길안초등학교대사분교장,2000,초,매각,경북 안동시 길안면 대사리 169
안동,길안초등학교묵계분교장,2001,초,매각,경북 안동시 길안면 묵계리 720-9
안동,월곡초등학교부포분교장,2001,초,매각,경북 안동시 예안면 부포리 110
안동,길안초등학교금곡분교장,2001,초,매각,경북 안동시 길안면 금곡리 산67
안동,풍산초등학교안양분교장,2006,초,매각,경북 안동시 풍산읍 신양리 448
안동,북후초등학교연곡분교장,2008,초,매각,경북 안동시 북후면 연곡리 414-1
안동,온혜초등학교예안분교장,2009,초,매각,경북 안동시 도산면 서부리 211-1
안동,일직남부초등학교,2009,초,매각,경북 안동시 일직면 양호리 819
안동,풍서초등학교,2016,초,대부,경북 안동시 풍천면 가곡리 595
안동,풍천초등학교,2016,초,대부,경북 안동시 풍천면 구담리 544-2
안동,도산중학교,2018,중,자체활용,경북 안동시 도산면 온혜리 923
안동,안동중학교와룡분교장,2018,중,미활용,경북 안동시 와룡면 지내리 926
안동,안동중학교인계분교장,2018,중,대부,경북 안동시 예안면 인계리 산19-5
안동,길주중학교녹전분교장,2018,중,대부,경북 안동시 녹전면 신평리 756
안동,임동중학교,2018,중,미활용,경북 안동시 임동면 중평리 948
안동,서후초등학교대흥분교장,2022,초,미활용,경북 안동시 서후면 대두서리 61
안동,월곡초등학교삼계분교장,2025,초,미활용,경북 안동시 예안면 삼계리 277
안동,온혜초등학교,2026,초,미활용,경북 안동시 도산면 온혜리 572
안동,길안초등학교길송분교장,2026,초,미활용,경북 안동시 길안면 송사리 100-8
영덕,지품초등학교용덕분교장,1991,초,매각,경북 영덕군 지품면 용덕리 105
영덕,성호초등학교조항분교장,1992,초,매각,경북 영덕군 축산면 조항리 149-1
영덕,지품초등학교속곡분교장,1992,초,매각,경북 영덕군 지품면 속곡리 117-1
영덕,원전초등학교기사분교장,1992,초,매각,경북 영덕군 지품면 기사리 263-1
영덕,금곡초등학교유금분교장,1993,초,매각,경북 영덕군 병곡면 금곡리 724
영덕,인천초등학교보림분교장,1993,초,매각,경북 영덕군 창수면 보림리 297-1
영덕,창수초등학교미곡분교장,1994,초,미활용,경북 영덕군 창수면 미곡리 583
영덕,원구초등학교,1994,초,매각,경북 영덕군 영해면 원구리 146-1
영덕,매정초등학교석동분교장,1994,초,매각,경북 영덕군 영덕읍 석리 243
영덕,창수초등학교인량분교장,1994,초,매각,경북 영덕군 창수면 인량리 212
영덕,달산초등학교용전분교장,1994,초,매각,경북 영덕군 달산면 용전리 189-1
영덕,창수초등학교신리분교장,1994,초,매각,경북 영덕군 창수면 신리리 414
영덕,남정초등학교도천분교장,1994,초,매각,경북 영덕군 남정명 도천리 97-1
영덕,축산초등학교화천분교장,1994,초,매각,경북 영덕군 영덕읍 화천리 137
영덕,강구초등학교직천분교장,1995,초,자체활용,경북 영덕군 강구면 원직리 263
영덕,지품초등학교낙평분교장,1995,초,미활용,경북 영덕군 지품면 낙평리 398-2
영덕,원황초등학교월의분교장,1995,초,매각,경북 영덕군 병곡면 각리 727-2
영덕,지품초등학교오천분교장,1995,초,매각,경북 영덕군 지품면 오천리 243-2
영덕,옥산초등학교,1995,초,매각,경북 영덕군 달산면 옥산리 314
영덕,강구초등학교금진분교장,1996,초,매각,경북 영덕군 강구면 금진리 85
영덕,영해초등학교대동분교장,1997,초,대부,경북 영덕군 영해면  대리 394-1
영덕,남호초등학교,1997,초,매각,경북 영덕군 남정면 남호리 181
영덕,축산초등학교성호분교장,1997,초,매각,경북 영덕군 축산면 칠성리 192
영덕,창수초등학교오촌분교장,1998,초,대부,경북 영덕군 창수면 오촌리 244-1
영덕,원전초등학교,1999,초,대부,경북 영덕군 지품면 원전리 295-2
영덕,금곡초등학교,1999,초,미활용,경북 영덕군 병곡면 금곡리 269-1
영덕,달산초등학교,1999,초,매각,경북 영덕군 달산면 대지리 463
영덕,영덕중학교달산분교장,2001,중,매각,경북 영덕군 달산면 대지리 777-3
영덕,영해초등학교영해동부분교장,2009,초,대부,경북 영덕군 영해면 괴시리 490
영덕,창수중학교,2009,중,대부,경북 영덕군 창수면 신기리 59-7
영덕,영해여자중학교,2009,중,매각,경북 영덕군 영해면 성내리 411
영덕,영해여자종합고등학교,2009,고,매각,경북 영덕군 영해면 성내리 411
영덕,영해초등학교축산분교장,2011,초,매각,경북 영덕군 축산면 상원리 163-5
영덕,야성초등학교,2012,초,매각,경북 영덕군 영덕읍 남석리 34-1
영덕,영덕야성초등학교창포분교장,2015,초,자체활용,경북 영덕군 영덕읍  창포리 550
영덕,영덕야성초등학교매정분교장,2016,초,대부,경북 영덕군 영덕읍  매정리 88
영덕,축산항초등학교경정분교장,2023,초,대부,경북 영덕군 축산면 경정리 234
영양,영양초등학교감천분교장,1989,초,매각,경북 영양군 영양읍 감천리 724
영양,문암초등학교용저분교장,1990,초,매각,경북 영양군 일월면 용화리 37
영양,화매초등학교택전분교장,1991,초,매각,경북 영양군 석보면 택전리 366
영양,수비초등학교본신분교장,1992,초,매각,경북 영양군 수비면 본신리 61
영양,수비초등학교죽파분교장,1992,초,매각,경북 영양군 수비면 죽파리 546-2
영양,기포초등학교,1992,초,매각,경북 영양군 청기면 기포리 408
영양,청남초등학교구매분교장,1993,초,미활용,경북 영양군 청기면 구매리 48
영양,화매초등학교삼의분교장,1993,초,매각,경북 영양군 석보면 삼의리 63-1
영양,신사초등학교금학분교장,1993,초,매각,경북 영양군 입암면 금학리 38
영양,무창초등학교기산분교장,1993,초,매각,경북 영양군 영양읍 기산리 267
영양,청북초등학교행화분교장,1993,초,매각,경북 영양군 청기면 행화리 351-2
영양,송하초등학교,1994,초,자체활용,경북 영양군 수비면 송하리 367-1
영양,주남초등학교요원분교장,1994,초,매각,경북 영양군 석보면 요원리 46-2
영양,문암초등학교용화분교장,1994,초,매각,경북 영양군 일월면 용화리 397
영양,중앙초등학교상원분교장,1994,초,매각,경북 영양군 영양읍 상원리 302-1
영양,일월초등학교문암분교장,1994,초,매각,경북 영양군 일월면 문암리 178-2
영양,석보초등학교소계분교장,1995,초,대부,경북 영양군 석보면 소계리 227
영양,화매초등학교,1995,초,매각,경북 영양군 석보면 화매리 561-3
영양,일월초등학교오리분교장,1995,초,매각,경북 영양군 일월면 오리리 151-1
영양,화천초등학교무창분교장,1995,초,매각,경북 영양군 영양읍 무창리 593-4
영양,화천초등학교,1995,초,매각,경북 영양군 영양읍 화천리 763
영양,청남초등학교,1995,초,매각,경북 영양군 청기면 저리 157-2
영양,수비초등학교수하분교장,1996,초,매각,경북 영양군 수비면 수하리 255-1
영양,일월중학교,1998,중,매각,경북 영양군 일월면 가곡리 162-1
영양,가곡초등학교,1998,초,매각,경북 영양군 일월면 가곡리 220
영양,신사초등학교,1999,초,대부,경북 영양군 입압면 신사리 610
영양,주남초등학교,1999,초,대부,경북 영양군 석보면 주남리350-1
영양,입암초등학교방전분교장,2000,초,대부,경북 영양군 입암면 방전리 489-3
영양,입암초등학교청일분교장,2007,초,매각,경북 영양군 청기면 청기리 451-1
영양,수비초등학교신암분교장,2009,초,대부,경북 영양군 수비면 신암리 166
영양,일월초등학교청북분교장,2015,초,매각,경북 영양군 청기면 당리 536-3
영양,영양중학교입암분교장,2019,중,미활용,경북 영양군 입암면 산해리 48
영주,옥대초등학교마락분교장,1991,초,매각,경북 영주시 단산면 마락리 319-2
영주,평은초등학교고현분교장,1992,초,매각,경북 영주시 평은면 오운리 789
영주,옥대초등학교단산분교장,1994,초,대부,경북 영주시 단산면 병산리 343
영주,문수초등학교조제분교장,1994,초,매각,경북 영주시 문수면 조제리 537
영주,옥대초등학교좌석분교장,1994,초,매각,경북 영주시 단산면 좌석리 89-2
영주,운문초등학교,1994,초,매각,경북 영주시 이산면 운문리 697
영주,이산동부초등학교,1994,초,매각,경북 영주시 이산면 석포리 755
영주,평은초등학교영은분교장,1995,초,자체활용,경북 영주시 평은면 평은리 1110-1
영주,두월초등학교,1995,초,매각,경북 영주시 이산면 두월리 1182
영주,평은초등학교내명분교장,1995,초,매각,경북 영주시 평은면 천본리 1025
영주,풍기북부초등학교삼가분교장,1996,초,매각,경북 영주시 풍기읍 삼가리 86-1
영주,안정남부초등학교,1996,초,매각,경북 영주시 안정면 용산리 492
영주,평은초등학교오운분교장,1998,초,매각,경북 영주시 평은면 오운리 1495
영주,문수초등학교,1999,초,매각,경북 영주시 문수면 월호리 1354-2
영주,봉현남부초등학교,1999,초,매각,경북 영주시 봉현면 노좌리 203-5
영주,백룡초등학교,1999,초,매각,경북 영주시 이산면 용상리 713-1
영주,창락초등학교,1999,초,매각,경북 영주시 풍기읍 창락리 385-1
영주,구구초등학교,1999,초,매각,경북 영주시 단산면 구구리 901-1
영주,오계초등학교,2001,초,자체활용,경북 영주시 안정면 오계리 525
영주,부석북부초등학교,2001,초,매각,경북 영주시 부석면 임곡리 92-1
영주,부석초등학교상석분교장,2002,초,대부,경북 영주시 부석면 상석리 480-1
영주,장수초등학교성곡분교장,2007,초,매각,경북 영주시 장수면 성곡리 246-1
영주,평은초등학교용혈분교장,2007,초,매각,경북 영주시 평은면 용혈리 474
영주,영주부석고등학교,2008,고,자체활용,경북 영주시 부석면 소천리 501-1
영주,순흥초등학교배점분교장,2008,초,매각,경북 영주시 순흥면 배점리 181
영주,부석초등학교남대분교장,2010,초,자체활용,경북 영주시 부석면 남대리 354
영주,봉현서부초등학교,2012,초,대부,경북 영주시 봉현면 두산리 210
영천,오류초등학교,1982,초,매각,경북 영천시 고경면 오류리 631
영천,도천초등학교,1983,초,매각,경북 영천시 북안면 도천리 6465
영천,북안초등학교신촌분교장,1986,초,매각,경북 영천시 북안면 신촌리 224-2
영천,신광초등학교,1991,초,매각,경북 영천시 대창면 신광리 762
영천,오산초등학교,1992,초,매각,경북 영천시 화북면 오산리 775
영천,석계초등학교,1993,초,미활용,경북 영천시 고경면 석계리 5-2
영천,청계초등학교,1993,초,매각,경북 영천시 고경면 파계리 336
영천,대창동부초,1994,초,매각,경북 영천시 대창면 운천리 817
영천,화남초등학교죽곡분교장,1995,초,미활용,경북 영천시 화남면 죽곡리 650-2
영천,금호남부초등학교,1995,초,대부,경북 영천시 금호읍 호남리 307
영천,고경초등학교삼귀분교장,1995,초,대부,경북 영천시 고경면 차당리 산51-2
영천,자양중학교성곡분교장,1997,중,매각,경북 영천시 자양면 성곡리 538
영천,청경초등학교,1998,초,자체활용,경북 영천시 고경면 도암리 147
영천,자양중학교,1998,중,매각,경북 영천시 자양면 보현리 1305
영천,호당초등학교,1998,초,매각,경북 영천시 청통면 호당리 436
영천,자양초등학교신방분교장,1999,초,대부,경북 영천시 자양면 신방리 803
영천,명주초등학교,1999,초,미활용,경북 영천시 북안면 명주리 307-1
영천,영도초등학교,1999,초,대부,경북 영천시 본촌동 335-2
영천,화산초등학교가상분교장,1999,초,매각,경북 영천시 화산면 가상리 649
영천,자양초등학교,1999,초,매각,경북 영천시 자양면 성곡리 537
영천,자천초등학교정각분교장,1999,초,매각,경북 영천시 화북면 정각리 760-1
영천,사일초등학교,1999,초,매각,경북 영천시 청통면 신덕리 362-1
영천,신녕서부초등학교,2001,초,미활용,경북 영천시 신녕면 부산리 946-1
영천,지곡초등학교용구분교장,2001,초,매각,경북 영천시 화남면 구전리 414-2
영천,임고초등학교금대분교장,2002,초,미활용,경북 영천시 임고면 금대리 446-1
영천,영북초등학교,2007,초,자체활용,경북 영천시 녹전동 127
영천,창산초등학교,2008,초,매각,경북 영천시 금호읍 원기리 277
영천,임고초등학교수성분교장,2009,초,미활용,경북 영천시 임고면 수성리 901-2
영천,영천남부초등학교,2012,초,미활용,경북 영천시 작산동 56
영천,자천초등학교상송분교장,2012,초,미활용,경북 영천시 화북면 상송리 42-1
영천,영창중학교,2016,중,매각,경북 영천시 대창면 대창리 1028
영천,자천중학교,2016,중,매각,경북 영천시 화북면 자천리 1409
영천,임고중학교,2016,중,매각,경북 영천시 임고면 양평면 161-1
영천,고경중학교,2016,중,매각,경북 영천시 고경면 상덕리 365
영천,영화초등학교화덕분교장,2020,초,대부,경북 영천시 화산면 덕암리 140-2
영천,영천중앙초등학교화남분교장,2026,초,미활용,경북 영천시 화남면 사천리 1238
영천,화산중학교,2026,중,자체활용,경북 영천시 화산면 유성리 1360-1
예천,용원초등학교,1993,초,매각,경북 예천군 용문면 원류리 307
예천,유계초등학교,1994,초,대부,경북 예천군 감천면 유리 183-2
예천,보문초등학교학성분교장,1994,초,매각,경북 예천군 보문면 산성리 172
예천,월탄초등학교,1994,초,매각,경북 예천군 지보면 마전리 719
예천,상리초등학교명봉분교장,1994,초,매각,경북 예천군 상리면 명봉리 377-1
예천,풍양초등학교삼강분교장,1994,초,매각,경북 예천군 풍양면 삼강리 269
예천,지보초등학교마산분교장,1995,초,매각,경북 예천군 지보면 마산리 491
예천,용문초등학교선동분교장,1995,초,매각,경북 예천군 용문면 선리 93-2
예천,용문초등학교용서분교장,1995,초,매각,경북 예천군 용문면 두천리 438-1
예천,지보초등학교상월분교장,1995,초,매각,경북 예천군 지보면 상월리 85-1
예천,상리초등학교고항분교장,1996,초,매각,경북 예천군 상리면 고항리 577
예천,풍양초등학교우망분교장,1996,초,매각,경북 예천군 풍양면 우망리 548-2
예천,풍천초등학교,1996,초,매각,경북 예천군 풍양면 괴당리 208
예천,보성초등학교,1998,초,매각,경북 예천군 보문면 미호리 343
예천,예천종합고등학교,1998,고,매각,경북 예천군 예천읍 청복리 947-1
예천,개포초등학교경진분교장,1999,초,대부,경북 예천군 개포면 경진리 565
예천,지보초등학교어신분교장,1999,초,매각,경북 예천군 지보면 어신리 1200-7
예천,삼천초등학교,1999,초,매각,경북 예천군 감천면 천향리 352
예천,신풍초등학교,1999,초,매각,경북 예천군 지보면 신풍리 327
예천,용대초등학교,1999,초,매각,경북 예천군 용궁면 대제리 225
예천,개포초등학교,2000,초,대부,경북 예천군 개포면 신음리 160-1
예천,화동초등학교,2000,초,매각,경북 예천군 유천면 가리 272
예천,예천남부초등학교호명분교장,2000,초,매각,경북 예천군 호명면 백송리 59
예천,향석초등학교,2003,초,매각,경북 예천군 용궁면 향석리 158-2
예천,용궁상업고등학교,2006,고,자체활용,경북 예천군 용궁면 읍부리 251-3
예천,유천중학교,2007,중,자체활용,경북 예천군 유천면 가리 746
예천,화남초등학교,2007,초,매각,경북 예천군 유천면 중평리 18
예천,예천동부초등학교보문분교장,2008,초,매각,경북 예천군 보문면 수계리 658-1
예천,예천남부초등학교신당분교장,2008,초,매각,경북 예천군 호명면 내신리 347
예천,은풍초등학교은계분교장,2008,초,매각,경북 예천군 상리면 석묘리 401-1
예천,감천초등학교옥천분교장,2008,초,매각,경북 예천군 보문면 옥천리 235
예천,감천초등학교덕율분교장,2009,초,자체활용,경북 예천군 감천면 덕율리 143
예천,예천남부초등학교인포분교장,2009,초,자체활용,경북 예천군 호명읍 월포리 382
예천,용궁초등학교장평분교장,2009,초,매각,경북 예천군 용궁면 월오리 690
예천,지보고등학교,2014,고,자체활용,경북 예천군 지보면 마전리 142-1
예천,풍양고등학교,2017,고,자체활용,경북 예천군 풍양면 낙상리 253
울릉,천부초등학교석포분교장,1998,초,매각,경북 울릉군 북면 천부리 102
울릉,남양초등학교구암분교장,1999,초,매각,경북 울릉군 서면 남서리 488-1
울릉,태하초등학교학포분교장,1999,초,매각,경북 울릉군 서면 태하리 420
울릉,남양초등학교통구미분교장,1999,초,매각,경북 울릉군 서면 남양리 134-3
울릉,울릉초등학교장흥분교장,2000,초,미활용,경북 울릉군 울릉읍 사동리 238
울릉,울릉중학교태하분교장,2010,중,매각,경북 울릉군 서면 태하리 553
울릉,남양초등학교태하분교장,2012,초,미활용,경북 울릉군 서면 태하리 521-2
울릉,울릉서중학교,2020,중,대부,경북 울릉군 서면 남서리 30-3
울릉,울릉북중학교,2020,중,대부,경북 울릉군 북면 천부리 713
울릉,우산중학교,2020,중,미활용,경북 울릉군 울릉읍 저동리 452
울릉,천부초등학교현포분교장,2024,초,대부,경북 울릉군 북면 현포리 549
울진,노음초등학교진복분교장,1990,초,자체활용,경북 울진군 근남면 진복리 631
울진,삼근초등학교동수곡분교장,1992,초,매각,경북 울진군 서면 왕피리 1051
울진,삼근초등학교쌍전분교장,1993,초,매각,경북 울진군 서면 쌍전리 300
울진,울진초등학교대흥분교장,1994,초,매각,경북 울진군 울진읍 대흥리 213-1
울진,부구초등학교나곡분교장,1994,초,매각,경북 울진군 북면 나곡리 927-3
울진,울진초등학교신림분교장,1994,초,매각,경북 울진군 울진읍 신림리 509
울진,신흥초등학교,1994,초,매각,경북 울진군 원남면 신흥리 303
울진,덕산초등학교,1995,초,매각,경북 울진군 온정면 덕인리 1544
울진,매화초등학교길곡분교장,1995,초,매각,경북 울진군 원남면 길곡리 423
울진,사동초등학교삼산분교장,1995,초,매각,경북 울진군 기성면 삼산리 861
울진,기성초등학교방율분교장,1995,초,매각,경북 울진군 기성면 방율리 525
울진,수곡초등학교,1995,초,매각,경북 울진군 근남면 수곡리 721-1
울진,노음초등학교구고분교장,1995,초,매각,경북 울진군 근남면 구산리 산136-2
울진,온정초등학교조금분교장,1995,초,매각,경북 울진군 온정면 조금리 185
울진,삼근초등학교소광분교장,1995,초,매각,경북 울진군 서면 소광리 657
울진,소곡초등학교,1995,초,매각,경북 울진군 북면 소곡리 126
울진,고목초등학교,1996,초,대부,경북 울진군 북면 고목리 470-4
울진,매화초등학교갈면분교장,1996,초,매각,경북 울진군 원남면 갈면리 163
울진,기성초등학교다천분교장,1996,초,매각,경북 울진군 기성면 다천리 922
울진,온양초등학교,1997,초,자체활용,경북 울진군 울진읍 온양리 224-9
울진,부구초등학교주인분교장,1997,초,매각,경북 울진군 북면 주인리 607-1
울진,울진여자중학교,1999,중,자체활용,경북 울진군 울진읍 읍내리 549
울진,울진여자고등학교,1999,고,자체활용,경북 울진군 울진읍 읍내리 549
울진,평해초등학교해동분교장,1999,초,매각,경북 울진군 평해읍 직산리 219
울진,온정초등학교선미분교장,1999,초,매각,경북 울진군 온정면 선구리 623
울진,금천초등학교,2000,초,매각,경북 울진군 온정면 금천리 210
울진,울진중학교삼근분교장,2002,중,매각,경북 울진군 서면 삼근리 78
울진,죽변초등학교화성분교장,2007,초,매각,경북 울진군 죽변면 화성리 369
울진,매화종합고등학교,2008,고,자체활용,경북 울진군 매화면 매화리 1141
울진,평해여자중학교,2008,중,자체활용,경북 울진군 평해읍 평해리 413
울진,매화초등학교덕신분교장,2009,초,매각,경북 울진군 원남면 오산리 931
울진,삼근초등학교광회분교장,2017,초,매각,경북 울진군 금강송면 광회리 310
울진,삼근초등학교왕피분교장,2019,초,매각,경북 울진군 금강송면 왕피리 594
울진,기성초등학교구산분교장,2023,초,미활용,경북 울진군 기성면 구산리 320
울진,기성초등학교사동분교장,2024,초,미활용,경북 울진군 기성면 사동리 455
울진,월송초등학교,2025,초,미활용,경북 울진군 평해읍 월송리 1007
울진,삼근초등학교옥방분교장,2026,초,미활용,경북 울진군 금강송면 광회리 168-4
의성,금성초등학교경애분교장,1983,초,매각,경북 의성군 금성면 탑리리 1140-3
의성,효선초등학교빙계분교장,1983,초,매각,경북 의성군 춘산면 빙계리 452-1
의성,옥전초등학교옥성분교장,1992,초,매각,경북 의성군 옥산면 실업리 565-1
의성,단촌초등학교방하분교장,1992,초,매각,경북 의성군 단촌면 방하리 289-1
의성,옥전초등학교신계분교장,1992,초,매각,경북 의성군 옥산면 신계리 314-1
의성,전흥초등학교,1992,초,매각,경북 의성군 옥산면 전흥리 764
의성,단밀초등학교,1992,초,매각,경북 의성군 단밀면 생송리 222
의성,다인초등학교달제분교장,1993,초,자체활용,경북 의성군 다인면 달제리 1513
의성,사곡초등학교공정분교장,1993,초,매각,경북 의성군 사곡면 공정리733
의성,산제초등학교,1994,초,대부,경북 의성군 비안면 화신리 145-1
의성,신산초등학교,1994,초,대부,경북 의성군 단북면 신하리 551
의성,안계초등학교도덕분교장,1994,초,매각,경북 의성군 안계면 도덕리 590-1
의성,안계초등학교교촌분교장,1994,초,매각,경북 의성군 안계면 교촌리 350
의성,고산초등학교만리분교장,1994,초,매각,경북 의성군 안사면 만리리 121
의성,안계서부초등학교,1994,초,매각,경북 의성군 안계면 양곡리 491-1
의성,문흥초등학교,1995,초,매각,경북 의성군 봉양면 분토리 928
의성,구천초등학교청산분교장,1995,초,매각,경북 의성군 구천면 청산리 407
의성,산운초등학교,1995,초,매각,경북 의성군 금성면 산운리 236
의성,속암초등학교낙정분교장,1995,초,매각,경북 의성군 단밀면 낙정리 475
의성,밀성초등학교,1995,초,매각,경북 의성군 다인면 양서리 570
의성,석탑초등학교,1995,초,매각,경북 의성군 안평면 석탑리 258
의성,청로초등학교,1995,초,매각,경북 의성군 금성면 청로리 1022-2
의성,동원초등학교,1995,초,매각,경북 의성군 점곡면 동변리 1075-1
의성,의성남부초등학교비봉분교장,1995,초,매각,경북 의성군 의성읍 비봉리 776-1
의성,속암초등학교문창분교장,1996,초,미활용,경북 의성군 단밀면 팔등리 265
의성,후평초등학교구계분교장,1996,초,매각,경북 의성군 단촌면 구계리 767-3
의성,춘산초등학교금오분교장,1996,초,매각,경북 의성군 춘산면 금오리 392
의성,가음초등학교순호분교장,1996,초,매각,경북 의성군 가음면 순호리 790
의성,위성초등학교,1997,초,매각,경북 의성군 구천면 위성리 788
의성,도리원초등학교봉양분교장,1998,초,매각,경북 의성군 봉양면 구미리 706-1
의성,후평초등학교,1998,초,매각,경북 의성군 단촌면 후평리 137-3
의성,안평초등학교하령분교장,1999,초,매각,경북 의성군 안평면 하령리 272-2
의성,옥전초등학교오류분교장,1999,초,매각,경북 의성군 옥산면 오류리 376-1
의성,점곡초등학교구암분교장,1999,초,매각,경북 의성군 점곡면 구암리 314
의성,삼분초등학교,1999,초,매각,경북 의성군 다인면 삼분리 1370-2
의성,구천초등학교용호분교장,1999,초,매각,경북 의성군 구천면 용사리 361-1
의성,이두초등학교쌍계분교장,2000,초,매각,경북 의성군 비안면 쌍계리 630
의성,도리원초등학교일산분교장,2000,초,매각,경북 의성군 봉양면 장대리 660-1
의성,단북초등학교효제분교장,2000,초,매각,경북 의성군 단북면 효제리 127-3
의성,사곡초등학교작승분교장,2000,초,매각,경북 의성군 사곡면 작승리 537-1
의성,안계초등학교고산분교장,2000,초,매각,경북 의성군 안사면 안사리 669-1
의성,안계여자중학교,2002,중,자체활용,경북 의성군 안계면 용기리 1009-1
의성,안계여자고등학교,2002,고,자체활용,경북 의성군 안계면 용기리 1009-1
의성,의성중학교점곡분교장,2002,중,매각,경북 의성군 점곡면 서변리 172
의성,점곡고등학교,2002,고,매각,경북 의성군 점곡면 서변리 172-3
의성,안계중학교구천분교장,2003,중,자체활용,경북 의성군 구천면 유산리 507
의성,의성중학교사곡분교장,2003,중,매각,경북 의성군 사곡면 양지리 362
의성,안평초등학교도옥분교장,2005,초,매각,경북 의성군 안평면 도옥리 211
의성,금성초등학교조문분교장,2005,초,매각,경북 의성군 금성면 초전리 223-5
의성,속암초등학교위중분교장,2006,초,매각,경북 의성군 단밀면 위중리 577-2
의성,금성초등학교도경분교장,2006,초,매각,경북 의성군 금성면 도경리 845
의성,안평초등학교중률분교장,2007,초,매각,경북 의성군 신평면 중률리 150
의성,안평중학교신평분교장,2007,중,매각,경북 의성군 신평면 중율리 550
의성,비안고등학교,2008,고,자체활용,경북 의성군 비안면 이두리 345
의성,이두초등학교비안분교장,2008,초,매각,경북 의성군 비안면 서부리 35
의성,상천초등학교,2010,초,매각,경북 의성군 금성면 제오리 904-1
의성,사곡초등학교,2011,초,자체활용,경북 의성군 사곡면 양지리 550
의성,춘산중학교,2013,중,매각,경북 의성군 춘산면 옥정리 405
의성,춘산초등학교효선분교장,2013,초,매각,경북 의성군 춘산면 사미리 332
의성,단북초등학교,2014,초,매각,경북 의성군 담북면 이연리 801
의성,비안중학교,2016,중,자체활용,경북 의성군 비안면 이두리 345
의성,단밀중학교,2016,중,매각,경북 의성군 단밀면 주선리 400
의성,안평중학교,2016,중,매각,경북 의성군 안평면 창길리 1234
의성,다인정보고등학교,2017,고,자체활용,경북 의성군 다인면 도암리 283
의성,가음중학교,2017,중,매각,경북 의성군 가음면 장리 1276
의성,금성여자상업고등학교,2019,고,자체활용,경북 의성군 금성면 탑리리 960
의성,이두초등학교쌍호분교장,2019,초,매각,경북 의성군 안사면 월소리 750-1
의성,단밀초등학교,2025,초,미활용,경북 의성군 단밀면 속암리 181
의성,옥산중학교,2026,중,미활용,경북 의성군 옥산면 구성리 408-1
청도,봉하초등학교마일분교장,1989,초,매각,경북 청도군 운문면 마일리 1603-1
청도,운문초등학교,1992,초,매각,경북 청도군 운문면 대천리 382-1
청도,지촌초등학교,1992,초,매각,경북 청도군 운문면 지촌리 634
청도,대전초등학교,1993,초,매각,경북 청도군 이서면 대전리 539
청도,유등초등학교,1994,초,대부,경북 청도군 화양읍 유등리 1876
청도,풍각남부초등학교,1994,초,대부,경북 청도군 풍각면 차산리 184-1
청도,청도동부초등학교,1995,초,대부,경북 청도군 청도읍 원리 412
청도,금천초등학교임호분교장,1995,초,매각,경북 청도군 금천면 임당리 1026-1
청도,풍각초등학교성곡분교장,1995,초,매각,경북 청도군 풍각면 성곡리 497
청도,동곡초등학교소천분교장,1997,초,매각,경북 청도군 금천면 소천리 1344
청도,각북초등학교,1998,초,매각,경북 청도군 각북면 남산리 118-2
청도,대산초등학교,1999,초,대부,경북 청도군 각남면 옥산리 15
청도,동곡초등학교김전분교장,1999,초,대부,경북 청도군 금천면 김전리 52
청도,방지초등학교봉하분교장,1999,초,매각,경북 청도군 운문면 봉하리 787
청도,중남초등학교,1999,초,매각,경북 청도군 매전면 지전리 101
청도,풍각초등학교서부분교장,2000,초,대부,경북 청도군 풍각면 안산리 585
청도,유천초등학교대현분교장,2000,초,매각,경북 청도군 청도읍 평양리 700-3
청도,용산초등학교,2007,초,자체활용,경북 청도군 청도읍 무등리 371-4
청도,관하초등학교,2007,초,매각,경북 청도군 매전면 관하리 1226-1
청도,칠곡초등학교,2008,초,매각,경북 청도군 이서면 양원리 129-5
청도,매전초등학교,2012,초,대부,경북 청도군 매전면 온막리 42-4
청도,방지초등학교,2015,초,자체활용,경북 청도군 금천면 방지리 1203
청도,동곡초등학교,2015,초,대부,경북 청도군 금천면 동곡리 905
청도,금천초등학교문명분교장,2018,초,미활용,경북 청도군 운문면 신원리 1230-1
청도,풍각중학교각북분교장,2018,중,매각,경북 청도군 각북면 남산리 248
청송,내룡초등학교 향동분교장,1988,초,매각,경북 청송군 주왕산면 항리 171
청송,부곡초등학교 기곡분교장,1990,초,매각,경북 청송군 진보면 기곡리 520-1
청송,송생초등학교,1991,초,대부,경북 청송군 청송읍 송생리 551-3
청송,수락초등학교 무계분교장,1991,초,매각,경북 청송군 현서면 무계리 303-1
청송,광덕초등학교,1992,초,자체활용,경북 청송군 진보면 광덕리 271
청송,이전초등학교 부동분교장,1992,초,매각,경북 청송군 주왕산면 신점리 717-2
청송,지소초등학교 노래분교장,1992,초,매각,경북 청송군 안덕면 노래리 346
청송,개일초등학교,1992,초,매각,경북 청송군 현동면 개일리 313
청송,지경초등학교,1992,초,매각,경북 청송군 파천면 지경리 178-3
청송,부남초등학교이현분교장,1993,초,대부,경북 청송군 부남면 이현리 726-1
청송,부남초등학교 화장분교장,1993,초,매각,경북 청송군 부남면 화장리 462-1
청송,신성초등학교,1993,초,매각,경북 청송군 안덕면 신성리 360-1
청송,부곡초등학교,1993,초,매각,경북 청송군 진보면 부곡리 337-8
청송,현남초등학교 백자분교장,1994,초,매각,경북 청송군 현서면 백자리 113-1
청송,파천초등학교 중평분교장,1995,초,매각,경북 청송군 파천면 중평리 507-2
청송,월외초등학교,1995,초,매각,경북 청송군 청송읍 월외리 442-1
청송,화목초등학교 수락분교장,1995,초,매각,경북 청송군 현서면 수락리 486-1
청송,청운초등학교,1996,초,대부,경북 청송군 청송읍 청운리 996
청송,시량초등학교,1996,초,대부,경북 청송군 진보면 시량리 507-3
청송,부남초등학교중기분교장,1996,초,대부,경북 청송군 부남면 중기리 610-2
청송,이전초등학교 내룡분교장,1996,초,매각,경북 청송군 주왕산면 내룡리 72-2
청송,현남초등학교,1997,초,대부,경북 청송군 안덕면 덕성리 217-2
청송,송강초등학교,1999,초,자체활용,경북 청송군 파천면 송강리 284-2
청송,주왕산초등학교,1999,초,매각,경북 청송군 주왕산면 하의리 162-1
청송,안덕초등학교 지수분교장,2000,초,매각,경북 청송군 안덕면 지소리 61
청송,신촌초등학교,2000,초,매각,경북 청송군 진보면 신촌리 46-3
청송,월정초등학교,2002,초,대부,경북 청송군 현서면 도리 54-3
청송,대전초등학교,2013,초,매각,경북 청송군 부남면 대전리 586
청송,안덕고등학교,2016,고,자체활용,경북 청송군 안덕면 명당리 360-1
청송,청송중학교부동분교장,2026,중,미활용,경북 청송군 주왕산면 주산지리 916
칠곡,신동초등학교학운분교장,1991,초,매각,경북 칠곡군 지천면 백운리 309
칠곡,가산초등학교선석분교장,1991,초,매각,경북 칠곡군 가산면 석우리 567
칠곡,가산초등학교동창분교장,1996,초,매각,경북 칠곡군 가산면 가산리 635-1
칠곡,신동초등학교연화분교장,1997,초,미활용,경북 칠곡군 지천면 연화리 513-4
칠곡,가산초등학교하판분교장,1997,초,매각,경북 칠곡군 가산면 송학리 268
칠곡,기산초등학교,1999,초,대부,경북 칠곡군 기산면 봉산리 538
칠곡,신동초등학교연호분교장,1999,초,자체활용,경북 칠곡군 지천면 연호리 산90-1
칠곡,망정초등학교,1999,초,매각,경북 칠곡군 석적읍 망정리 788
칠곡,북삼초등학교오평분교장,2022,초,자체활용,경북 칠곡군 북삼읍 오평리 847-7
포항,지곡초등학교,1986,초,매각,경북 포항시 남구 지곡동 166-4
포항,문충초등학교진천분교장,1986,초,매각,경북 포항시 남구 오천읍 진전리 168-1
포항,봉산초등학교정천분교장,1989,초,매각,경북 포항시 남구 장기면 정천리 22
포항,신광초등학교마북분교장,1990,초,매각,경북 포항시 북구 신광면 마북리 171-4
포항,곡강초등학교양백분교장,1990,초,매각,경북 포항시 북구 흥해읍 양백리 458
포항,기북초등학교덕동분교장,1992,초,매각,경북 포항시 북구 기북면 오덕리 235-1
포항,죽장초등학교가사분교장,1993,초,대부,경북 포항시 북구 죽장면 가사리 380-1
포항,대보초등학교강사분교장,1993,초,미활용,경북 포항시 남구 호미곶면 강사리 491
포항,상옥초등학교하옥분교장,1993,초,자체활용,경북 포항시 북구 죽장면 하옥리 444
포항,신광초등학교기일분교장,1993,초,매각,경북 포항시 북구 신광면 기일리 297-1
포항,흥해초등학교남송분교장,1994,초,매각,경북 포항시 북구 흥해읍 남송리 217
포항,달전초등학교초곡분교장,1994,초,매각,경북 포항시 북구 흥해읍 초곡리 1010
포항,기계초등학교기남분교장,1994,초,매각,경북 포항시 북구 기계면 봉계리 262-1
포항,죽장초등학교두마분교장,1995,초,매각,경북 포항시 북구 죽장면 두마리 805
포항,정자초등학교,1995,초,매각,경북 포항지 북구 죽장면 정자리 547
포항,장기초등학교영암분교정,1995,초,매각,경북 포항시 남구 장기면 영암리 344-2
포항,이가초등학교,1996,초,미활용,경북 포항시 북구 청하면 이가리 138
포항,장기초등학교산서분교장,1996,초,매각,경북 포항시 남구 장기면 산서리 523-2
포항,칠포초등학교,1996,초,매각,경북 포항시 북구 흥해읍 칠포리 619
포항,죽장초등학교현내분교장,1996,초,매각,경북 포항시 북구 죽장면 현내리 431
포항,송라초등학교화산분교장,1996,초,매각,경북 포항시 북구 송라면 화진리 547
포항,기동초등학교,1996,초,매각,경북 포항시 북구 기계면 화봉리 452
포항,신광초등학교냉수분교장,1996,초,매각,경북 포항시 북구 신광면 냉수리 586
포항,청하초등학교서정분교장,1997,초,대부,경북 포항시 북구 청하면 서정리 685
포항,석병초등학교,1998,초,대부,경북 포항시 남구 구룡포읍 석병리 640-2
포항,대신초등학교,2000,초,자체활용,경북 포항시 북구 죽도동 655-9
포항,동해초등학교내북분교장,2000,초,매각,경북 포항시 남구 동해면 공당리 451
포항,대양초등학교,2001,초,자체활용,경북 포항시 북구 환호동 13-7
포항,죽장초등학교상사분교장,2001,초,대부,경북 포항시 북구 죽장면 상사리 1181-1
포항,기계초등학교기서분교장,2002,초,미활용,경북 포항시 북구 기계면 가안리 14
포항,자명초등학교,2005,초,대부,경북 포항시 남구 연일읍 자명리 526-1
포항,양포초등학교계원분교장,2005,초,매각,경북 포항시 남구 장기면 계원리 38
포항,신광초등학교비학분교장,2007,초,미활용,경북 포항시 북구 신광면 만석리 272-11
포항,대보초등학교대동배분교,2007,초,대부,경북 포항시 남구 호미곶면 대동배리 410-1
포항,죽장초등학교죽북분교장,2008,초,대부,경북 포항시 북구 죽장면 합덕리 276
포항,장기초등학교봉산분교장,2009,초,매각,경북 포항시 남구 장기면 창지리 30-2
포항,구룡포초등학교구동분교장,2011,초,매각,경북 포항시 남구 구룡포읍 구룡포리 381-1
포항,구룡포여자종합고등학교,2012,고,대부,경북 포항시 남구 구룡포읍 병포리 139-1
포항,구룡포여자중학교,2012,중,대부,경북 포항시 남구 구룡포읍 병포리 139-1
포항,동해초등학교흥환분교장,2013,초,대부,경북 포항시 남구 동해면 흥환리 357
포항,구룡포초등학교구남분교,2014,초,대부,경북 포항시 남구 구룡포읍 구평리 736-1
포항,청하초등학교청하남부분교장,2016,초,대부,경북 포항시 북구 청하면 소동리 768-1
포항,용흥중학교,2019,중,대부,경북 포항시 북구 용흥동 340
포항,기계중학교상옥분교장,2021,중,대부,경북 포항시 북구 죽장면 상옥리 389
포항,장기초등학교모포분교장,2026,초,미활용,경북 포항시 남구 장기면 모포리 95
포항,죽장초등학교상옥분교장,2026,초,미활용,경북 포항시 북구 죽장면 상옥리 748-1
포항,송라중학교,2026,중,자체활용,경북 포항시 북구 송라면 광천리 184
